Fold,RMSE,MAE,Bias,R2
3.0,18.415064297287767,13.259873634162627,-2.0017495986812968,0.2648459020443517
