Fold,RMSE,MAE,Bias,R2
3.0,9.93656708064926,5.678283959122238,-0.41497161308448993,0.7826630512965224
